Región,Año,Accesos por cada 100 hogares
Región AMBA,2022,119.52946567293662
Región Buenos Aires,2022,77.67703665289315
Región Centro,2022,76.50107848182925
Región Cuyo,2022,65.57062823853612
Región NEA,2022,46.089571514650125
Región NOA,2022,57.18056717869648
Región Patagonia,2022,78.08560426664586
