,Región,Año,ADSL,Cablemodem,Fibra óptica,Wireless,Otros
0,Región AMBA,2022,8.940696914672477,79.7844742597263,8.927487521956587,0.29659919351824765,2.050742110126385
1,Región Buenos Aires,2022,6.797304921198874,57.71512712566989,31.267022826412273,2.709469796117143,1.5110753306018252
2,Región Centro,2022,16.817859690036567,45.502813218163084,29.73968958373428,5.984535790701097,1.9551017173649714
3,Región Cuyo,2022,14.354758248948837,32.16231624911728,29.527770759233707,22.265683206675607,1.6894715360245671
4,Región NEA,2022,19.28987162501713,44.92082781305678,24.494494951802277,8.370597103568002,2.924208506555804
5,Región NOA,2022,18.86983338539638,33.68466248362585,42.07041237789287,3.6392712201906923,1.7358205328942042
6,Región Patagonia,2022,19.466888432973388,45.13253913978313,17.239516054135745,13.327226317018875,4.833830056088864
